{
  "1157053544361361569": {
    "balance": 16283.132055486183,
    "portfolio": {},
    "notifications": true
  },
  "1154734115027947610": {
    "balance": 10000,
    "portfolio": {
      "AAPL": 1
    }
  },
  "1155153953865089114": {
    "balance": 4.538905983895349e+101,
    "portfolio": {
      "GOOGL": 90,
      "AMZN": 10001000
    },
    "businesses": {},
    "achievements": [],
    "notifications": true,
    "lastClaimed": 1719417002047
  },
  "731942942687756339": {
    "balance": 10000,
    "portfolio": {},
    "businesses": {},
    "achievements": [],
    "notifications": true,
    "lastClaimed": 1719416983381
  }
}